time,y,vy,delta,ideal_Fy,Fy,rel_err_Fy,body_force_lateral_norm,body_moment_norm,num_pair_patch_points,num_pair_sheet_points,num_pair_tractions
0.0,0.054000000000000006,-0.0,0.0,0.0,0.0,0.0,0.0,0.0,0,0,0
0.25,0.046000000000000006,-0.05026548245743669,0.003999999999999997,0.7199999999999994,0.7133989898255987,0.009168069686667694,0.005799991787199997,0.0004482498399600057,150,132,132
0.5,0.038000000000000006,-6.155746219909728e-18,0.011999999999999997,2.1599999999999993,2.140201810965903,0.009165828256525992,0.002175001840412546,0.0005893144274426229,150,132,132
0.75,0.046000000000000006,0.05026548245743669,0.003999999999999997,0.7199999999999994,0.7133989898255987,0.009168069686667694,0.005799991787199997,0.0004482498399600057,150,132,132
1.0,0.054000000000000006,1.2311492439819456e-17,0.0,0.0,0.0,0.0,0.0,0.0,0,0,0
