case,n_steps,n_active_steps,max_delta,max_abs_vy,mean_rel_err_Fy_active,max_rel_err_Fy_active,mean_rel_err_M_active,max_rel_err_M_active
sphere_centered_press_release,5,3,0.034999999999999976,0.1256637061435917,0.002566723792755826,0.0034783902928605726,,
flat_punch_centered_press_release,5,3,0.011999999999999997,0.05026548245743669,0.009167322543287127,0.009168069686667694,,
sphere_offaxis_press_release,5,3,0.034999999999999976,0.1256637061435917,0.002566723792755826,0.0034783902928605726,0.002932539709590984,0.0030620803461456694
