time,x,y,vy,delta,ideal_Fy,Fy,rel_err_Fy,ideal_ground_Mz,ground_Mz,rel_err_M,body_moment_norm,num_pair_patch_points,num_pair_sheet_points,num_pair_tractions
0.0,0.04,0.125,-0.0,0.0,0.0,0.0,0.0,-0.0,0.0,0.0,0.0,0,0,0
0.25,0.04,0.10500000000000001,-0.1256637061435917,0.014999999999999986,0.48773225946981447,0.4860357363129597,0.0034783902928605726,-0.01950929037879258,-0.01944955136415643,0.0030620803461456694,6.185403210665043e-06,114,82,82
0.5,0.04,0.08500000000000002,-1.5389365549774316e-17,0.034999999999999976,2.501493150420869,2.5033527373965097,0.0007433907925463327,-0.10005972601683477,-0.10032723153550652,0.002673458436481613,0.0001979546607986098,162,138,138
0.75,0.04,0.10500000000000001,0.1256637061435917,0.014999999999999986,0.48773225946981447,0.4860357363129597,0.0034783902928605726,-0.01950929037879258,-0.01944955136415643,0.0030620803461456694,6.185403210665043e-06,114,82,82
1.0,0.04,0.125,3.077873109954863e-17,0.0,0.0,0.0,0.0,-0.0,0.0,0.0,0.0,0,0,0
