case,step_end_time,step_end_delta,step_end_Fy,step_end_static_Fy,step_end_rel_err,solver_substeps,onset_aligned_time,onset_aligned_delta,onset_aligned_Fy,onset_aligned_static_Fy,onset_aligned_rel_err,onset_equivalent_state_time,onset_equivalent_state_delta,onset_equivalent_state_Fy,onset_equivalent_state_static_Fy,onset_equivalent_state_rel_err
sphere_centered,0.075,0.007572094089426523,0.4009334433796801,0.423214858296208,0.05264799777169708,2,0.07421875,0.0070169591019546285,0.3386406822192001,0.36400751040716656,0.06968765056411062,0.07421875,0.0070169591019546285,0.3386406822192001,0.36400751040716656,0.06968765056411062
flat_punch_centered,0.05,0.0021435119918971415,1.2676584444,1.286107195138285,0.01434464468282618,2,0.046406249999999996,0.0005607313022505042,0.3511140396,0.33643878135030253,0.043619401398370505,0.046406249999999996,0.0005607313022505042,0.3511140396,0.33643878135030253,0.043619401398370505
