evaluator,max_centered_moment_ratio,mean_rel_err_raw,mean_rel_err_calibrated,tail_spread_rel,last_step_rel_change,mean_rel_err_vs_ref_Fy,max_rel_err_vs_ref_Fy,mean_rel_err_vs_ref_Mz,max_rel_err_vs_ref_Mz,max_horizontal_to_vertical_ratio,fy_reference_mode_rel_diff
baseline_default,5.5617158948360014e-18,0.23472411765796158,0.0151727666285015,0.013525363465836411,0.008426110339307786,0.006308565559002668,0.01808541125092286,0.006483728013041873,0.018303908567860926,2.2876404216284682e-17,0.0
polygon_default,3.1276667636635514e-05,0.24039301118715226,0.0162896208948497,0.0016422096542837406,0.0006109583397051378,0.021913160338063387,0.06502833355447109,0.021896762802146103,0.0649130654847825,1.6272173100186495e-06,0.0
polygon_reference,2.4401435938519467e-05,0.234956083183929,0.0170001934663867,,,,,,,,
