evaluator,alpha_best_fit,rmse_calibrated,mean_rel_err_calibrated,mean_rel_err_raw,mean_elapsed_s
baseline_default,1.291890026352087,0.042684534628958694,0.01517276662850153,0.23472411765796164,0.02617682575000302
polygon_default,1.2970636827761128,0.02467193660443698,0.016289620894849734,0.2403930111871523,0.023102069625004162
polygon_reference,1.286990129893679,0.02529021030489373,0.017000193466386787,0.23495608318392902,0.039431575375001415
