case,step_end_rel_err,onset_aligned_rel_err,onset_equivalent_state_rel_err,onset_impulse_matched_state_rel_err,step_end_Fy,step_end_static_Fy,onset_aligned_Fy,onset_aligned_static_Fy,onset_impulse_matched_state_Fy,onset_impulse_matched_state_static_Fy,onset_impulse_matched_state_alpha
sphere_centered,0.05264799777169708,0.06968765056411062,0.06968765056411062,0.07010986847103115,0.4009334433796801,0.423214858296208,0.3386406822192001,0.36400751040716656,0.3373973320896001,0.36283569493832096,0.4892578125
flat_punch_centered,0.01434464468282618,0.043619401398370505,0.043619401398370505,0.055442374046325786,1.2676584444,1.286107195138285,0.3511140396,0.33643878135030253,0.35119477920000003,0.37180873834501693,0.560546875
