case,mode,analytic_touch_time,step_end_time,step_end_delta,step_end_Fy,step_end_static_Fy,step_end_rel_err,onset_time_offset,refine_reason,solver_substeps,onset_aligned_time,onset_aligned_delta,onset_aligned_Fy,onset_aligned_static_Fy,onset_aligned_rel_err
sphere_centered,coarse_step_end,0.06385508568141009,0.075,0.0075906250000000175,0.40219493608367995,0.42526646765470577,0.054251941607958376,,,1,,,,,
sphere_centered,onset_localized,0.06385508568141009,0.075,0.007572094089426523,0.4009334433796801,0.423214858296208,0.05264799777169708,0.00408203125,onset_uniform_refine,2,0.07408203125000001,0.00691287109348282,0.32622654452399996,0.3533925723441352,0.07687209620716313
flat_punch_centered,coarse_step_end,0.04515236409857309,0.05,0.0021124904133520694,1.2675059868000003,1.2674942480112417,9.261413830489618e-06,,,1,,,,,
flat_punch_centered,onset_localized,0.04515236409857309,0.05,0.0021435119918971415,1.2676584444,1.286107195138285,0.01434464468282618,0.0013281249999999999,onset_uniform_refine,2,0.046328125,0.0005250308848263469,0.3097633608,0.3150185308958081,0.016682098290739137
