{
  "n_steps": 29,
  "first_contact_time": 0.075,
  "first_release_time": 0.135,
  "touch_speed_analytic": 0.626418390534633,
  "analytic_delta_max": 0.02014781851437459,
  "sim_delta_max_first_cycle": 0.020719495278017627,
  "rel_err_delta_max": 0.02837412711630152,
  "max_rel_err_static_force_law_first_cycle": 0.06715059202528609,
  "mean_rel_err_static_force_law_first_cycle": 0.042023422946300265,
  "release_speed_sim": 0.6855075955324077,
  "rel_err_release_speed": 0.09432865619948273,
  "release_energy_drift_rel_drop_scale": 0.031010813176328023,
  "max_abs_x_drift": 0.0,
  "max_abs_vx": 3.191999436096248e-16,
  "max_body_moment_norm_first_cycle": 9.151719646934558e-18,
  "max_solver_final_residual_norm_first_cycle": 3.4859490120886516e-10,
  "max_rel_ground_Mz_relation_first_cycle": 0.06715059202528595,
  "case": "sphere_offaxis",
  "solver": "tuned"
}