n_steps,first_contact_time,first_release_time,touch_speed_analytic,analytic_delta_max,contact_transitions_total,sim_delta_max_first_cycle,rel_err_delta_max,max_rel_err_static_force_law_first_cycle,mean_rel_err_static_force_law_first_cycle,release_speed_sim,rel_err_release_speed,release_energy_drift_rel_drop_scale,max_abs_x_drift,max_abs_vx,max_body_moment_norm_first_cycle,max_rel_ground_Mz_relation_first_cycle,case
29,0.075,0.135,0.626418390534633,0.02014781851437459,2,0.01763136437826189,0.12489958326343463,0.06266574531621295,0.0254945391902405,0.3660245700242456,0.41568674299001274,-0.9019648920140089,4.9587270078671465e-17,1.1056041784364168e-15,6.626284987765731e-18,,sphere_centered_free_contact_release
21,0.045,0.095,0.442944691807002,0.004942824987197979,2,0.004262585733958449,0.1376215534641352,0.27575391550391437,0.2631029340134969,0.08849179865110779,0.8002193043783781,-0.9178288410530653,1.9739696548115526e-17,5.099649145775356e-16,6.031906924568004e-17,,flat_punch_centered_free_contact_release
29,0.075,0.135,0.626418390534633,0.02014781851437459,2,0.01763136437826189,0.12489958326343463,0.06266574531621295,0.0254945391902405,0.3660245700242456,0.41568674299001274,-0.9019648920140089,7.632783294297951e-17,1.107877438992412e-15,9.126155460632705e-18,0.06266574531621406,sphere_offaxis_free_contact_release
