n_steps,first_contact_time,first_release_time,touch_speed_analytic,analytic_delta_max,contact_transitions_total,sim_delta_max_first_cycle,rel_err_delta_max,max_rel_err_static_force_law_first_cycle,mean_rel_err_static_force_law_first_cycle,release_speed_sim,rel_err_release_speed,release_energy_drift_rel_drop_scale,max_abs_x_drift,max_abs_vx,max_body_moment_norm_first_cycle,max_rel_ground_Mz_relation_first_cycle,case
29,0.075,0.135,0.626418390534633,0.02014781851437459,2,0.02071949525370552,0.028374125909614658,0.06715057656896599,0.04202342015460159,0.6855075896044246,0.094328646736186,0.031010794398310317,2.222469783347923e-17,7.207805752982293e-16,1.0182268987928268e-17,,sphere_centered_free_contact_release
19,0.05,0.085,0.442944691807002,0.004942824987197979,2,0.005943741854527618,0.20249894947161484,0.27689222075173436,0.26694493912973355,0.43156707351318674,0.02568631818884668,-0.021466139753116398,1.6416143315469576e-16,6.304001569937332e-15,6.46359107800801e-16,,flat_punch_centered_free_contact_release
29,0.075,0.135,0.626418390534633,0.02014781851437459,2,0.02071949525370552,0.028374125909614658,0.06715057656896599,0.04202342015460159,0.6855075896044246,0.094328646736186,0.031010794398310317,4.85722573273506e-17,1.0357741874611069e-15,1.0182268987928268e-17,0.0671505765689654,sphere_offaxis_free_contact_release
