state_index,x,delta,ideal_Fy,Fy,rel_err_Fy,ideal_ground_Mz,ground_Mz,rel_err_ground_Mz,body_force_lateral_norm,body_moment_norm
0,0.0,0.01,1.8,1.7834957349381049,0.00916903614549732,-0.0,-0.00047989557034409545,479895570344.0954,0.018124956655875043,0.0012002151244475516
1,0.03,0.01,1.8,1.7834957349381049,0.00916903614549732,-0.054,-0.05398476761848709,0.0002820811391279354,0.018124956655875043,0.0012002151244475516
2,0.05,0.01,1.8,1.7834957349381049,0.00916903614549732,-0.09000000000000001,-0.0896546823172491,0.003836863141676768,0.018124956655875043,0.001200215124447551
