state_index,delta,ideal_Fy,Fy,rel_err_Fy,body_force_lateral_norm,body_moment_norm,ground_moment_norm
0,0.004,0.72,0.7133989898255987,0.009168069686668457,0.005799991787199997,0.0004482498399600057,0.0003465313452092963
1,0.006,1.08,1.070098438724101,0.0091681122924991,0.008699987306699998,0.0006668788613888286,0.0005203241292955742
2,0.008,1.44,1.426796605999499,0.009169023611459005,0.014499965508125027,0.0009702785948248838,0.0006957488734668461
3,0.01,1.8,1.7834957349381049,0.00916903614549732,0.018124956655875043,0.0012002151244475516,0.0008717225513032295
4,0.012,2.16,2.140201810965903,0.0091658282565264,0.002175001840412546,0.0005893144274426229,0.0005788578652424887
5,0.014,2.52,2.4968993222700036,0.009166935607141454,0.002537499311250031,0.0006870411114713415,0.0006754809527975122
6,0.016,2.88,2.853601177110002,0.009166257947915918,0.026100010766250015,0.0017799919978311344,0.0014340532123338883
7,0.018000000000000002,3.24,3.210298411971603,0.00916715679888805,0.02936248547534993,0.0019849744539788897,0.0016173129149979482
8,0.02,3.6,3.566997957179099,0.009167234116917012,0.025374985467737247,0.0020313365048407286,0.0017916551592968059
