state_index,x,delta,ideal_Fy,Fy,rel_err_Fy,ideal_ground_Mz,ground_Mz,rel_err_ground_Mz,body_moment_norm
0,0.0,0.03,1.8661060362323372,1.8670026709546548,0.00048048433738947914,-0.0,-3.5975775923276585e-05,35975775923.27658,7.863218431092164e-05
1,0.02,0.03,1.8661060362323372,1.8670026709546548,0.00048048433738947914,-0.037322120724646746,-0.03737602919501641,0.0014444106959352165,7.863218431092118e-05
2,0.04,0.03,1.8661060362323372,1.8670026709546548,0.00048048433738947914,-0.07464424144929349,-0.0747160826141095,0.000962447516662266,7.863218431092118e-05
