state_index,delta,ideal_Fy,Fy,rel_err_Fy,body_moment_norm,ground_moment_norm
0,0.0049999999999999906,0.055763269601218614,0.053621343440927983,0.03841105759415194,1.6003098116384806e-06,3.1550332493688e-06
1,0.009999999999999995,0.2199114857512853,0.21942338619974391,0.0022195273242499795,3.543337197129747e-06,6.957750404263935e-06
2,0.014999999999999986,0.48773225946981447,0.4860357363129597,0.0034783902928605726,6.185403210665061e-06,1.1486117590908407e-05
3,0.01999999999999999,0.8545132017764228,0.8518062016995842,0.003167885611610267,7.436331597203131e-06,1.4290521686020502e-05
4,0.024999999999999994,1.3155419236907253,1.3186680389032324,0.0023762946328132225,2.2556805327030182e-05,3.925431497893722e-05
5,0.03,1.8661060362323372,1.8670026709546548,0.00048048433738947914,7.863218431092164e-05,0.0001269419884936674
6,0.03499999999999999,2.5014931504208713,2.5033527373965097,0.0007433907925454444,0.00019795466079860222,0.00033800686564626427
7,0.039999999999999994,3.2169908772759466,3.224670804689065,0.0023873015827826746,0.0006678982876031456,0.0011200772629665168
