state_index,delta,ideal_Fy,Fy,rel_err_Fy,body_moment_norm,ground_moment_norm
0,0.0049999999999999906,0.06970408700152327,0.06702667930115999,0.03841105759415174,2.990778346172686e-06,3.96560316354338e-06
1,0.009999999999999995,0.2748893571891066,0.27427923274968,0.0022195273242494747,6.677479850088598e-06,8.873709383022223e-06
2,0.014999999999999986,0.609665324337268,0.6075446703912003,0.0034783902928594347,1.113894193373678e-05,1.4269378609584204e-05
3,0.01999999999999999,1.0681415022205283,1.064757752124479,0.0031678856116112027,1.419884426736496e-05,1.8807439831200186e-05
4,0.024999999999999994,1.6444274046134066,1.6483350486290407,0.0023762946328133574,3.86851956225121e-05,4.775706627081464e-05
5,0.03,2.3326325452904215,2.333753338693318,0.00048048433738926495,0.00013130772486430082,0.0001518666099248254
6,0.03499999999999999,3.126866438026089,3.1291909217456397,0.0007433907925463676,0.00035413231455649685,0.00043323240669942547
7,0.039999999999999994,4.021238596594933,4.030838505861332,0.002387301582782896,0.001197552963260033,0.0014526995160152835
