{
  "n_steps": 29,
  "first_contact_time": 0.075,
  "first_release_time": 0.135,
  "touch_speed_analytic": 0.626418390534633,
  "analytic_delta_max": 0.02014781851437459,
  "sim_delta_max_first_cycle": 0.01763136411110107,
  "rel_err_delta_max": 0.12489959652347174,
  "max_rel_err_static_force_law_first_cycle": 0.06266562323970107,
  "mean_rel_err_static_force_law_first_cycle": 0.02549451639637054,
  "release_speed_sim": 0.3660245852476842,
  "rel_err_release_speed": 0.41568671868766327,
  "release_energy_drift_rel_drop_scale": -0.9019648444215305,
  "max_abs_x_drift": 0.0,
  "max_abs_vx": 1.9055947012848314e-16,
  "max_body_moment_norm_first_cycle": 5.971545513195337e-18,
  "max_solver_final_residual_norm_first_cycle": 0.0005896167954343758,
  "max_rel_ground_Mz_relation_first_cycle": 0.06266562323970107,
  "case": "sphere_offaxis",
  "solver": "legacy"
}