Variant,Reference,dt,Reference dt,Runtime (s),Position RMS,Orientation RMS,Force RMS,Torque RMS,Peak force err.,Peak torque err.,Release timing err.
Full 6-DoF method,High-res same scheme,0.01,0.001,14.704948801,9.112170357057286e-06,0.0001568666539665691,0.687649483738435,0.05449496227679552,0.00011389896005896669,0.000722267944413632,0.0
w/o rigid-motion-aware continuity,High-res same scheme,0.01,0.001,15.209906624999917,0.00032106653591566173,0.00015344073964259258,2.429683899784504,0.19487330752642143,0.004494141975898417,0.00529390292926534,0.0
w/o wrench-aware controller,High-res same scheme,0.01,0.001,0.12643861200001538,0.0010985435806456865,0.022486345044300693,4.978601867184505,0.34278967626741524,0.12493731837409561,0.062268927628046034,0.0
w/o continuity + controller,High-res same scheme,0.01,0.001,0.12241130199998906,0.0010431064466960391,0.021931699779779774,4.5219172385532005,0.2355021424981594,0.14232557158673909,0.11901875536404066,0.0
