Variant,Continuity,Controller,Position RMS,Orientation RMS,Force RMS,Torque RMS,Peak force err.,Peak torque err.,Release timing err.,Mean comp. count err.
Full 6-DoF method,on,on,9.112170357057286e-06,0.0001568666539665691,0.687649483738435,0.05449496227679552,0.00011389896005896669,0.000722267944413632,0.0,0.0
w/o rigid-motion-aware continuity,off,on,0.00032106653591566173,0.00015344073964259258,2.429683899784504,0.19487330752642143,0.004494141975898417,0.00529390292926534,0.0,0.08695652173913043
w/o wrench-aware controller,on,off,0.0010985435806456865,0.022486345044300693,4.978601867184505,0.34278967626741524,0.12493731837409561,0.062268927628046034,0.0,0.08695652173913043
w/o continuity + controller,off,off,0.0010431064466960391,0.021931699779779774,4.5219172385532005,0.2355021424981594,0.14232557158673909,0.11901875536404066,0.0,0.13043478260869565
