scheme,state_error,force_error,impulse_error,onset_timing_error,energy_drift,max_substeps
event_aware_midpoint,0.011940682675039995,0.020192528916521693,0.10746636776668002,0.0,0.0036420904572422863,20
event_aware_midpoint_impulse_corrected,0.005576755808861208,0.00422692777302938,0.06437808048415945,0.0,-0.0062267231032318016,20
