scheme,energy_drift,force_error,impulse_error,state_error,max_used_substeps,max_work_mismatch
event_aware_midpoint,0.0036420904572422863,0.020192528916521693,0.10746636776668002,0.011940682675039995,20,nan
event_aware_midpoint_impulse_corrected,-0.00580559167499195,0.004933825294925128,0.06942729414905362,0.004760809091001252,20,0.015659892921856905
event_aware_midpoint_work_consistent,-0.0005516509675780323,0.00039040586962698124,0.06724556176271265,0.0007094218069170432,20,0.015659892921856905
