case,mode,analytic_touch_time,sim_touch_time,abs_touch_time_error,first_active_delta,first_active_Fy,first_active_static_Fy,mean_rel_err_onset_window,max_rel_err_onset_window,max_solver_substeps,n_local_refine_steps,onset_refine_reason
flat_punch_centered_onset,onset_focus_off,0.04515236409857309,0.049999999999999996,0.004847635901426908,0.0021124904133520694,1.2675059868000003,1.2674942480112417,9.261413830489618e-06,9.261413830489618e-06,1,0,
flat_punch_centered_onset,onset_focus_on,0.04515236409857309,0.04625,0.0010976359014269119,0.0021435119918971415,1.2676584444,1.286107195138285,0.01434464468282618,0.01434464468282618,2,1,onset_uniform_refine
sphere_centered_onset,onset_focus_off,0.06385508568141009,0.07500000000000001,0.011144914318589924,0.007590625,0.4021949360836799,0.4252664676547057,0.03630116268587066,0.05425194160795838,1,0,nan
sphere_centered_onset,onset_focus_on,0.06385508568141009,0.07375000000000001,0.009894914318589923,0.0075720940894265,0.4009334433796801,0.423214858296208,0.035713690823581175,0.05264799777169708,2,2,onset_uniform_refine
