time,delta,Fy,static_Fy_at_delta,contact_active,solver_substeps,used_local_refinement,refine_reason,onset_time_offset
0.005,0.0,0.0,0.0,0,1,0,,
0.01,0.0,0.0,0.0,0,1,0,,
0.015,0.0,0.0,0.0,0,1,0,,
0.02,0.0,0.0,0.0,0,1,0,,
0.025,0.0,0.0,0.0,0,1,0,,
0.03,0.0,0.0,0.0,0,1,0,,
0.035,0.0,0.0,0.0,0,1,0,,
0.04,0.0,0.0,0.0,0,1,0,,
0.045,0.0,0.0,0.0,0,1,0,,
0.05,0.0021124904133520694,1.2675059868000003,1.2674942480112417,1,1,0,,
