state_index,y,delta,ideal_Fy,legacy_Fy,formal_Fy,legacy_rel_err,formal_rel_err,formal_body_moment_norm,legacy_body_moment_norm
0,0.115,0.0049999999999999906,0.055763269601218614,0.041490057425679454,0.05574357601491763,0.25596081932805537,0.00035316412473329574,6.599765164595471e-21,6.9118379812579e-08
1,0.11,0.009999999999999995,0.2199114857512853,0.16472337559917394,0.22011873596131984,0.25095601516024413,0.0009424255823951486,1.6054791297862792e-19,5.540756511792046e-06
2,0.10500000000000001,0.014999999999999986,0.48773225946981447,0.3670978109956083,0.48636019415278575,0.24733744002363287,0.002813152688567714,2.859131428172901e-05,1.516842357879491e-05
3,0.1,0.01999999999999999,0.8545132017764228,0.6468749044752032,0.8536712278275066,0.24299015728436527,0.0009853258523868425,6.133877275629382e-05,1.805153929751388e-05
4,0.095,0.024999999999999994,1.3155419236907253,1.00184755267484,1.317875593357153,0.23845258396313382,0.0017739226887431478,0.00013024553786930102,5.1977819937278955e-05
5,0.09,0.03,1.8661060362323372,1.4294316857929776,1.8711911650067257,0.23400296765611658,0.0027249945478207407,0.0003598951941522393,4.9534028655532344e-05
6,0.085,0.03499999999999999,2.5014931504208713,1.9281735997568352,2.5118631836434275,0.22919093364999868,0.004145537324702054,0.0002876759228882117,0.00011179509807816471
7,0.08,0.039999999999999994,3.2169908772759466,2.4955704673630685,3.192934329607947,0.2242531724316718,0.0074779657716561735,3.216925838805019e-05,0.0001015178795388103
