state_index,y,delta,ideal_Fy,formal_Fy,formal_rel_err,formal_body_moment_norm
0,0.115,0.0049999999999999906,0.06970408700152327,0.069679470018647,0.00035316412473394284,1.8260169551090882e-20
1,0.11,0.009999999999999995,0.2748893571891066,0.27514841995165007,0.0009424255823961583,3.649108600531404e-19
2,0.10500000000000001,0.014999999999999986,0.609665324337268,0.607950242690982,0.002813152688568033,5.2951090201836264e-05
3,0.1,0.01999999999999999,1.0681415022205283,1.0670890347843844,0.0009853258523855695,0.00011318680950319971
4,0.095,0.024999999999999994,1.6444274046134066,1.6473444916964415,0.0017739226887432153,0.000231097646788595
5,0.09,0.03,2.3326325452904215,2.3389889562584063,0.0027249945478203834,0.0006477490614497903
6,0.085,0.03499999999999999,3.126866438026089,3.139828979554282,0.004145537324701415,0.0005262058213366138
7,0.08,0.039999999999999994,4.021238596594933,3.9911679120099333,0.007477965771656174,6.10656812218688e-05
