state_index,x,y,delta,ideal_Fy,formal_Fy,formal_rel_err_Fy,ideal_body_Mx,ideal_body_Mz,formal_body_Mx,formal_body_Mz,ideal_ground_Mz,formal_ground_Mz,rel_err_ground_Mz
0,0.0,0.09,0.03,1.8661060362323372,1.8711911650067257,0.0027249945478207407,0.0,0.0,-0.00033466275966891415,0.00013238348864063313,-0.0,-0.00023324264611677913,233242646116.7791
1,0.02,0.09,0.03,1.8661060362323372,1.8711911650067257,0.0027249945478207407,0.0,0.0,-0.00033466275966891415,0.00013238348864063324,-0.037322120724646746,-0.037657065946251296,0.008974442370938465
2,0.04,0.09,0.03,1.8661060362323372,1.8711911650067257,0.0027249945478207407,0.0,0.0,-0.00033466275966891415,0.00013238348864063747,-0.07464424144929349,-0.07508088924638578,0.005849718459379242
